Title,Price,Date
Apple iphone 13 Pro Max 128GB SB,"25,299",2022-04-07
Apple iphone 13 Pro Max 128GB SB,"25,299",2022-04-07
Apple iphone 13 Pro Max 128GB SB,"25,299",2022-04-07
Apple iphone 13 Pro Max 128GB SB,"25,299",2022-04-07
Apple iphone 13 Pro Max 128GB SB,"25,299",2022-04-07
Apple iphone 13 Pro Max 128GB SB,"25,299",2022-04-07
Apple iphone 13 Pro Max 128GB SB,"25,299",2022-04-07
Apple iphone 13 Pro Max 128GB SB,"25,299",2022-04-07
Apple iphone 13 Pro Max 128GB SB,"25,299",2022-04-07
Apple iphone 13 Pro Max 128GB SB,"25,299",2022-04-07
Apple iphone 13 Pro Max 128GB SB,"25,299",2022-04-07
Apple iphone 13 Pro Max 128GB SB,"25,299",2022-04-07
Apple iphone 13 Pro Max 128GB SB,"25,299",2022-04-07
